{
  "project_info": {
    "project_number": "443771301254",
    "firebase_url": "https://project-8bbbe-default-rtdb.firebaseio.com",
    "project_id": "project-8bbbe",
    "storage_bucket": "project-8bbbe.appspot.com"
  },
  "client": [
    {
      "client_info": {
        "mobilesdk_app_id": "1:443771301254:android:7d0b647e36aef5ebec1007",
        "android_client_info": {
          "package_name": "com.tni.nunthicha.project"
        }
      },
      "oauth_client": [
        {
          "client_id": "443771301254-gtap2c1nv26h9qk5m84ftjg367hc3osr.apps.googleusercontent.com",
          "client_type": 3
        }
      ],
      "api_key": [
        {
          "current_key": "AIzaSyBFLt33ZFHo168FxDTxA0-dJiKFUmYuB2w"
        }
      ],
      "services": {
        "appinvite_service": {
          "other_platform_oauth_client": [
            {
              "client_id": "443771301254-gtap2c1nv26h9qk5m84ftjg367hc3osr.apps.googleusercontent.com",
              "client_type": 3
            }
          ]
        }
      }
    },
    {
      "client_info": {
        "mobilesdk_app_id": "1:443771301254:android:2a34394824058031ec1007",
        "android_client_info": {
          "package_name": "com.tni.nunthicha.projectpart2"
        }
      },
      "oauth_client": [
        {
          "client_id": "443771301254-gtap2c1nv26h9qk5m84ftjg367hc3osr.apps.googleusercontent.com",
          "client_type": 3
        }
      ],
      "api_key": [
        {
          "current_key": "AIzaSyBFLt33ZFHo168FxDTxA0-dJiKFUmYuB2w"
        }
      ],
      "services": {
        "appinvite_service": {
          "other_platform_oauth_client": [
            {
              "client_id": "443771301254-gtap2c1nv26h9qk5m84ftjg367hc3osr.apps.googleusercontent.com",
              "client_type": 3
            }
          ]
        }
      }
    }
  ],
  "configuration_version": "1"
}